"ID","フェーズ","ユーザー種別","ユーザーの目的","レビュー対象","開始地点","終了地点","私が行う操作","目視確認ポイント","確認する状態","画面サイズ","事前準備","想定時間","優先度","完了条件","ステータス"
"FLOW-001","1","受講生","ログインして「今日なにをすればよいか」を知る","ログイン → マイページ","http://localhost:3000/login（未ログイン状態）","/mypage を一通り読み終えたところ","1. localStorage を全削除してリロード
2. 表示された /login を10秒眺めてから、任意のメール・パスワードを入力して送信
3. /mypage に着いたらまず何も操作せず5秒、最初に目が行った場所をメモ
4. 上から順に読んで「今日やること」を自分の言葉で1文にする
5. 次に押したいボタンを1つ決める（まだ押さない）","☐ ログイン後どこに着いたか分かる
☐ 最初に目が行った要素と、設計上の主役（続きからはじめる）が一致している
☐ 「今日やること」を1文で言える
☐ 数字（学習時間・ストリーク・進捗）が何を指すか説明できる
☐ 同じ数字が複数箇所に重複して出ていない
☐ 次に押す場所が1つに決まる","通常（学習中コースあり・ロードマップ確定済み）","PC 1440px","localStorage 全削除","30分","P0","6項目すべてに「問題なし」または指摘IDを記録し、最初に目が行った場所と所要秒数を残している","確認可能"
"FLOW-002","1","受講生","前回の続きのレッスンにたどり着く","マイページ → コーストップ → レッスン","/mypage","/course/202?module=... のレッスン本文が表示された状態","1. 「続きからはじめる」を押す
2. 着いた画面（コーストップ）で、次にやるレッスンがどれか探す
3. 「続きから：〜」ボタンを押す
4. レッスン本文が出るまで、途中で迷った箇所を都度メモ
5. ブラウザの戻るを2回押して、元の位置に戻れるか確認","☐ 「続きからはじめる」を押した先が予想どおり
☐ コーストップで「次にやるレッスン」が一目で分かる
☐ STEPカードの開閉状態が理解できる（なぜこの単元だけ開いているか）
☐ レッスン画面に着いたとき、いま何の何番目かが分かる
☐ ブラウザバックで迷子にならない","通常（一部レッスン完了済み）","PC 1440px","FLOW-001 完了","30分","P0","各遷移で迷った回数と秒数を記録し、5項目に判定を残している","確認可能"
"FLOW-003","1","受講生","レッスンを読み切って完了し、次へ進む","学習ワークスペース","レッスン本文の先頭","次のレッスンが表示された状態","1. 本文を実際に最後まで読む（飛ばさない）
2. 確認問題があれば回答する
3. 完了操作を探して実行する
4. 完了後の画面の変化を観察する
5. 次のレッスンへ進む
6. コーストップに戻り、完了が反映されているか見る","☐ 「読み終わったら何をすべきか」が本文末で分かる
☐ 完了ボタンを迷わず見つけられる
☐ 完了したことが視覚的に伝わる
☐ 完了後に次の行き先が示されている
☐ コーストップの進捗率・チェックに反映されている
☐ 完了を取り消せることに気づける","未完了 → 完了","PC 1440px","FLOW-002 完了","30分","P0","完了前後のスクリーンショット2枚を保存し、6項目に判定を残している","確認可能"
"FLOW-004","1","受講生","自分が学びたいコースを探して開く","学習コンテンツ一覧","サイドバー「学習コンテンツ」","選んだコースのコーストップ","1. /courses を開き、まず5秒眺める
2. 「バナー」で検索して結果を見る
3. 検索を消し、学習領域チップ「コーディング」を押す
4. 「基礎からはじめる」と「実践で力をつける」の違いを読み取る
5. 未受講のコースを1つ選んで開く","☐ この画面が「続きの提示」と「探す」の2部構成だと分かる
☐ 検索結果が期待どおり絞れている
☐ 領域チップが「絞り込み」ではなく「ジャンプ」だと気づける
☐ 段階（基礎／実践／そのほか）の違いが理解できる
☐ カード同士の違い（難易度・時間・レッスン数・対象者）が読み取れる
☐ 未受講コースを開くのに不安がない","通常／検索ヒットあり","PC 1440px","ログイン済み","30分","P1","検索前後のスクリーンショットを保存し、6項目に判定を残している","確認可能"
"FLOW-005","1","受講生","集中して学習し、記録が残ったことを確認する","集中ブース → 終了カード → 学習記録","サイドバー「自習室」","/study-log で今の記録が見えた状態","1. /focus-booth を開き、何をする画面か5秒で判断
2. 教材を選び、今回の目標を入力し、タイマーを開始
3. 1〜2分待ち、一時停止→再開する
4. 終了し、表示される終了カードを最後まで記入する
5. 「学習記録を見る」で /study-log へ移動
6. 今の記録が一覧・グラフ・累計に反映されているか確認
7. マイページに戻り、学習時間・ストリークが同じ値か確認","☐ 開始前に何を決めればよいか分かる
☐ 計測中であることが明確
☐ 終了操作が見つかる
☐ 終了カードの入力項目の意味が分かり、負担に感じない
☐ 記録された数値が学習記録・マイページで一致している
☐ 記録して良かったと思える情報が返ってくる","未開始→計測中→一時停止→終了","PC 1440px","ログイン済み。1〜2分待てる時間帯","45分","P1","終了カードと学習記録のスクリーンショットを保存し、3画面の数値一致を記録している","確認可能"
"FLOW-006","1","受講生","分からない箇所をAIに聞き、後で振り返る","レッスン → AI/クリップ → ノート → レッスン","/course/202?module=202012","ノートから元のレッスンへ戻れた状態","1. 本文の分からなそうな2〜3行をドラッグ選択
2. 出てきたツールバーで「解説」を試す
3. もう一度選択して「AIに質問」→ 右パネルで質問を送る
4. 回答を⭐保存する／メモへ追加する
5. 別の箇所を選んで「クリップ」する
6. /notes を開き、3種類（メモ・クリップ・AI回答）が並ぶか確認
7. 「元のレッスンへ」で戻り、該当箇所が光るか確認","☐ テキスト選択で何ができるか分かる
☐ 解説・質問・クリップの違いが分かる
☐ AIの回答が教材のどこを根拠にしているか分かる
☐ 保存したものがどこに行ったか分かる
☐ ノートから元の場所に正確に戻れる
☐ 一連の操作で本文を見失わない","通常（structured教材）","PC 1440px","ログイン済み。ノートは0件から始めると差が見やすい","45分","P1","3種類のノートが1件ずつ作られ、復帰まで確認し、6項目に判定を残している","確認可能"
"FLOW-007","1","受講生","学習ロードマップを新規に作る","ロードマップ初回設定","/learning-plan の「初回設定をやり直す」","/learning-plan に新しい計画が表示された状態","1. /learning-plan を開き「初回設定をやり直す」を押す
2. 8問に、自分が受講生になったつもりで答える
3. 各設問で迷った箇所・選べなかった箇所をメモ
4. 生成されたプレビューを読む
5. 「このロードマップで進める」を押す","☐ 何のための質問か最初に分かる
☐ 所要時間の見込みが立つ
☐ 各設問の選択肢に自分の答えがある
☐ 単一選択が自動で次へ進む挙動に驚かない
☐ プレビューが自分の回答を反映していると納得できる
☐ 「これはAIの案であり後で変えられる」と伝わる","未作成 → 生成 → 確定","PC 1440px","ログイン済み。この操作でロードマップが作り直される","30分","P1","8問を通しで回答し、設問ごとの迷いの有無を記録している","確認可能"
"FLOW-008","1","受講生","ロードマップを見直して調整する","学習ロードマップ","/learning-plan（リロード直後・更新案あり）","更新案に回答し、結果が反映された状態","1. ブラウザをリロードして更新案カードが出る状態にする
2. 更新案の内容を読み、何が変わるのか把握する
3. 差分を選んで「更新する」または「現状維持」を選ぶ
4. 「質問に答えて見直す」で4問チェックインを行う
5. 結果（更新案 or 現状維持）を確認する
6. ペース調整カードで目標期限を変更してみる","☐ 更新案が「なぜ出たのか」が分かる
☐ 変更前・変更後の違いが読み取れる
☐ 採用しない選択があると分かる
☐ チェックイン4問の負担が許容できる
☐ 操作後に何が変わったか分かる
☐ 「AIの案」と「コーチと確認済み」の違いが伝わる","更新案あり／チェックイン／編集","PC 1440px","ページをリロード（計画はメモリ保持のため初期状態に戻る）","30分","P2","更新案への回答とチェックインを各1回実施し、6項目に判定を残している","確認可能"
"FLOW-009","1","受講生","コーチングを受けて次回までの目標を確定する","コーチング","/coaching","マイページの「次回までの目標」に反映された状態","1. /coaching を開き、次回コーチングカードを読む
2. 会議リンクを登録する（任意のURL）
3. 「参加する」を押し、同意モーダルの内容を読んで同意
4. 記録中の表示を確認して「終了」
5. 生成中 → 要約の確認画面へ進む
6. 目標候補を確認し、確定する
7. /mypage に戻り「次回までの目標」に載っているか確認","☐ 最初に何をすればよいか分かる
☐ 録画・文字起こしの同意内容が理解できて不安にならない
☐ 記録中であることが分かる
☐ 生成中に何が起きているか分かり、待てる
☐ 要約のどこが「会話の根拠」か辿れる
☐ 確定した目標がマイページに反映されている","リンク未登録→登録→記録中→生成中→確認→確定","PC 1440px","ログイン済み。別タブが開くのでポップアップ許可","45分","P1","確定までを1回通し、マイページ反映のスクリーンショットを保存している","確認可能"
"FLOW-010","1","受講生","AIコーチに相談する","AIコーチ専用ページ","サイドバー「AIコーチ」","会話を1つ終え、履歴から開き直した状態","1. /ai-coach を開き、まず5秒眺める
2. AI機能一覧から1つ選んで使う
3. ホームに戻り、自由入力から質問する
4. 履歴を開き、さっきの会話を開き直す
5. 会話を1つ削除する","☐ 何ができる画面か一目で分かる
☐ 機能を選ぶ基準が分かる
☐ 「おまかせ」と専門モードの違いが分かる
☐ 会話が保存されていることに気づける
☐ 削除の影響範囲が分かる","ホーム／会話／専門モード／履歴","PC 1440px","ログイン済み","30分","P2","5項目に判定を残し、ホーム画面のスクリーンショットを保存している","確認可能"
"FLOW-011","1","コーチ","担当受講生の状況を確認する","受講生一覧","サイドバー「受講生一覧」","一覧を確認し終えた状態","1. /coach/students を開く
2. 「アラート」で絞り込む
3. 気になる受講生の行をクリックしてみる
4. 検索で1名に絞る","☐ アラートの意味が分かる
☐ 誰に声をかけるべきか判断できる
☐ 行がクリックできそうに見えるか／実際にできるか一致している
☐ この一覧で足りない情報が何か言える","通常／絞込／0件","PC 1440px","ログイン済み（既定で coach 権限あり）","15分","P2","4項目に判定を残している","確認可能"
"FLOW-012","1","管理者","コースをCSVで登録しようとする","管理・コース作成","サイドバー「管理」","登録手順を理解し終えた状態（実際の登録は成功しません）","1. /admin を開く
2. 「コース作成」の説明を読む
3. テンプレートCSVの入手方法を探す
4. リポジトリ同梱の moodle-course-upload-template.csv を選んでアップロードを試す
5. 表示される結果（エラー）を読む","☐ 何を準備すればよいか分かる
☐ CSVの形式が説明から分かる
☐ アップロード前に不安になる箇所がない
☐ エラー表示から次にすべきことが分かる","初期／アップロード失敗","PC 1440px","管理者権限（既定でON）。成功パスはモック未対応","30分","P2","エラー表示のスクリーンショットを保存し、4項目に判定を残している","準備不足"
"FLOW-013","1","コーチ（未ログイン）","録画連携を初回設定する","コーチ連携ページ","/admin/coach-integrations で発行したリンク","/connect/:token で連携完了 or 状態を確認した時点","1. /admin/coach-integrations を開き、招待リンクを発行できるか確認
2. 発行できたらそのURLを別のシークレットウィンドウで開く
3. 説明・同意事項を読む
4. 連携を実行する","☐ LMSを使わないコーチでも意味が分かる文章になっている
☐ 何が取得され、何が取得されないか分かる
☐ 未ログインでも不安にならない
☐ 完了したことが分かる","ready／connecting／done","PC 1440px","招待リンクの発行可否を先に確認（§7-①）","15分","P2","発行できた場合は4項目に判定、できない場合は「確認不可」と理由を記録している","準備不足"
"SCREEN-001","2","受講生","マイページの情報設計を検証する","/mypage","/mypage 表示直後","画面最下部まで見終えたところ","1. 上から下まで一度スクロールする
2. 各ブロック（プロフィール帯／続き／コーチング目標／ストリーク／次回予定／ロードマップ）に「これは何のためか」を1文で書く
3. サイドバーの通知ベルを押して中身を見る
4. 押せそうに見えるものを全部押してみる","☐ 画面の目的が一目で分かる
☐ 主アクション（続きからはじめる）が最も目立つ
☐ 各ブロックの役割を1文で言える
☐ 右レールと本文列の関係が分かる
☐ 押せそうに見えて押せない要素がない
☐ 情報量が多すぎると感じる箇所を特定できる
☐ 通知の入口に気づける","通常","PC 1440px","ログイン済み","30分","P0","ブロックごとの役割メモとスクリーンショット1枚を残し、7項目に判定を残している","確認可能"
"SCREEN-002","2","受講生","学習コンテンツ一覧の優先順位を検証する","/courses","/courses 表示直後","最下部まで見終えたところ","1. 上から最下部まで一度スクロールし、コース数を数える
2. カード1枚に載っている項目を全部書き出す
3. 「30分でできる基礎コース」を探してみる
4. 「このコースの残りレッスン」の行を1つ押す","☐ 上部（続き）と下部（探す）の役割の違いが分かる
☐ カードの情報項目が過不足ない
☐ 目的のコースを探す手段が見つかる
☐ 領域見出しの色帯と説明文が役に立っている
☐ 全30件を縦に並べる方式で下まで見る気になる
☐ 「全Nコース」「Nレッスン」の数字が実際と合っている","通常","PC 1440px","ログイン済み","30分","P1","カード項目の書き出しと6項目の判定を残している","確認可能"
"SCREEN-003","2","受講生","コーストップの構造理解を検証する","/course/203/curriculum","画面表示直後","全STEPを確認し終えたところ","1. コース進捗の数字と全体像を読む
2. STEPカードを全部開閉する
3. 各STEPの「はじめる／続きから／復習する」の出し分けを確認
4. パンくずを辿って戻る","☐ このコースが何を身につける場か分かる
☐ 全体の量（単元数・レッスン数・時間）が把握できる
☐ いまどこにいるか分かる
☐ STEPカードのボタン文言が状態と合っている
☐ レッスンの学習タイプ（基礎知識／実践課題など）が役に立っている
☐ パンくずで上位に戻れる","未着手／途中／完了の3コースで比較","PC 1440px","コース 102(未着手寄り)・203・201(完了) を順に開く","30分","P1","3コース分のスクリーンショットを保存し、6項目に判定を残している","確認可能"
"SCREEN-004","2","受講生","レッスン本文の読みやすさを検証する","/course/202?module=202012","レッスン本文の先頭","本文末尾まで読み終えたところ","1. 本文を実際に読む（斜め読みしない）
2. 見出し・本文・囲み・確認問題の区別を確認
3. 上部バーの情報（コース名・単元名・レッスン名・進捗）を読む
4. 別のレッスン（例 ?module=203021）と本文の密度を比べる","☐ いま何を学んでいるか常に分かる
☐ 本文の文字サイズ・行間・幅が読みやすい
☐ 見出しと本文の階層が視覚的に分かる
☐ 囲み・確認問題が本文と区別できる
☐ 本文の長さに対して現在位置が分かる
☐ レッスンによる密度差が気にならない","structured教材（手書き／テンプレ生成の2種）","PC 1440px","ログイン済み","45分","P0","2レッスン分のスクリーンショットを保存し、6項目に判定を残している","確認可能"
"SCREEN-005","2","受講生","学習ワークスペースの3ペイン構成を検証する","/course/202?module=202012","パネルすべて閉じた状態","4状態すべてを見終えたところ","1. 目次だけ開く／サポートだけ開く／両方開く／両方閉じるの4状態を作る
2. 各状態で本文の幅がどう変わるか観察
3. サポートパネルのAIタブとメモタブを切り替える
4. ページをリロードして開閉状態が復元されるか確認","☐ パネルの開閉ボタンが見つかる
☐ 4状態それぞれで本文が読める幅を保っている
☐ AIとメモの切替が分かる
☐ 開閉状態が保持されることに気づける／驚かない
☐ どの状態でも「完了」操作に到達できる","4状態","PC 1440px","ログイン済み","30分","P1","4状態のスクリーンショットを保存し、5項目に判定を残している","確認可能"
"SCREEN-006","2","受講生","集中ブースの初見の分かりやすさを検証する","/focus-booth","画面表示直後（未開始）","各カードの役割を書き終えたところ","1. 未開始状態のまま、各要素の役割を書き出す
2. 環境設定を開いて中身を見る
3. 教材選択モーダルを開いて閉じる
4. 右カラムの4カードの数字が何を指すか読み取る","☐ 開始前に決めることが分かる
☐ 通常タイマーとポモドーロの違いが分かる
☐ 「今回の目標」の書き方が分かる
☐ 右カラムの統計の意味が分かる
☐ カレンダーの色分けが理解できる
☐ 自習室タブ（集中ブース／学習記録／ノート）の関係が分かる","未開始","PC 1440px","タイマー未起動","30分","P1","要素ごとの役割メモと6項目の判定を残している","確認可能"
"SCREEN-007","2","受講生","学習記録の読み取りやすさを検証する","/study-log","画面表示直後","3期間すべて見終えたところ","1. 30日／3ヶ月／全期間を切り替える
2. グラフの縦軸・横軸・空白日を読む
3. 累計カードの数字と、集中ブースの数字を突き合わせる
4. 履歴リストを最下部までもっと見る","☐ グラフから学習の傾向が読み取れる
☐ 未学習日と10分未満の日の扱いが分かる
☐ 期間切替で何が変わったか分かる
☐ 累計値が集中ブースと一致している
☐ 教材別の内訳が役に立つ","3期間","PC 1440px","ログイン済み","30分","P2","3期間のスクリーンショットと数値照合の結果を残している","確認可能"
"SCREEN-008","2","受講生","ノート画面の絞り込みを検証する","/notes","ノートが3件以上ある状態","全フィルタを試し終えたところ","1. 種別タブを全部押す
2. キーワード検索を試す
3. コース／レッスンで絞り込む
4. 該当0件の状態を作る
5. 削除を1件実行する","☐ 3種類（メモ／クリップ／AI回答）の違いが分かる
☐ 件数バッジが役に立つ
☐ 絞り込みの組み合わせが理解できる
☐ 0件時の案内から次にすることが分かる
☐ 削除に確認がある／ないことに納得できる","通常／絞込0件","PC 1440px","FLOW-006 実施後","30分","P2","5項目に判定を残し、0件表示のスクリーンショットを保存している","確認可能"
"SCREEN-009","2","受講生","ロードマップ画面の情報量を検証する","/learning-plan","画面表示直後","最下部まで見終えたところ","1. 上から最下部まで読む
2. 「サマリー帯／全体ロードマップ／今月やること／見直し導線／ペース調整／前提」の各ブロックの役割を1文で書く
3. ステージレールと今月やることの関係を確認
4. 「コーチと確認済み」バッジの意味を読み取る","☐ 画面の目的が一目で分かる
☐ 「今月やること」が最も目立つべきか、実際に目立っているか判断できる
☐ フェーズとステージの関係が分かる
☐ 期限・見直し日・バージョンの意味が分かる
☐ AIの案とコーチ確認済みの区別が伝わる
☐ 情報量が多すぎると感じる箇所を特定できる
☐ 「初回設定をやり直す」の位置づけに驚かない","通常（更新案あり）","PC 1440px","リロード直後","45分","P1","ブロックごとの役割メモとスクリーンショットを残し、7項目に判定を残している","確認可能"
"SCREEN-010","2","受講生","コーチング一覧の分かりやすさを検証する","/coaching","画面表示直後（list状態）","過去記録を1件開いたところ","1. 次回コーチングカードを読む
2. 「次回までの目標」の達成状況を読む
3. これまでのコーチング一覧のバッジ（自動取得／確定済み／確認待ち）を読む
4. 過去記録を1件開く","☐ 次に自分がすべきことが分かる
☐ 目標の達成状況が読み取れる
☐ 履歴のバッジの意味が分かる
☐ 過去記録から何が得られるか分かる
☐ 「コーチは操作しない」前提が伝わる","list／review","PC 1440px","FLOW-009 実施後（履歴がある状態）","30分","P1","5項目に判定を残し、一覧のスクリーンショットを保存している","確認可能"
"SCREEN-011","2","受講生","AIコーチホームの入口設計を検証する","/ai-coach","ホーム状態","機能一覧を読み終えたところ","1. 大きな入力欄と機能一覧の関係を読む
2. 各AI機能の説明文を読み、使い分けが分かるか確認
3. おすすめの提示理由を読む
4. 「続きから」の直近相談を確認","☐ 最初に何をすればよいか分かる
☐ 機能の使い分けが説明文から分かる
☐ おすすめが「なぜ自分に出たか」分かる
☐ 機能を選ぶと別ページに飛ばないことに気づける
☐ 教材ページのAIと同じものか別ものか分かる","ホーム（履歴あり／なし）","PC 1440px","履歴なし状態は新しいタブで開くと作れる","30分","P2","履歴あり・なし両方のスクリーンショットを保存し、5項目に判定を残している","確認可能"
"SCREEN-012","2","未ログイン","ログイン画面の分かりやすさを検証する","/login","/login 表示直後","エラー表示まで見たところ","1. 何も入力せず送信してみる
2. でたらめな値で送信してエラー文言を読む（モックでは成功するため、成功時の遷移も観察）
3. パスワード表示切替を使う
4. 「パスワードをお忘れですか」を押して戻る","☐ 何を入力する画面か一目で分かる
☐ 入力欄のラベルと形式が分かる
☐ エラー文言から次にすべきことが分かる
☐ パスワードリセットの入口に気づける
☐ ブランドとして違和感がない","通常／エラー／送信中","PC 1440px ＋ SP 375px","未ログイン状態","15分","P1","PC・SP両方のスクリーンショットを保存し、5項目に判定を残している","確認可能"
"SCREEN-013","2","受講生","プロフィール・アカウント設定の分かりやすさを検証する","/profile → /account-settings","/profile","/account-settings を見終えたところ","1. /profile を直接開き、入力欄の意味を読む
2. ニックネームを変えて保存し、ヘッダー表示に反映されるか確認
3. /account-settings を開き、パスワード要件表示を確認（変更操作は実行しない／実行しても成功しません）
4. 戻る操作を試す","☐ 2画面の役割の違いが分かる
☐ 入力項目が何に使われるか分かる
☐ 保存結果が伝わる
☐ パスワード要件が入力中に分かる
☐ 元の画面に戻れる","編集／保存成功","PC 1440px","ログイン済み","30分","P2","保存前後のスクリーンショットを保存し、5項目に判定を残している","確認可能"
"SCREEN-014","2","管理者","管理画面の使い勝手を検証する","/admin/*","/admin","全メニューを一巡したところ","1. 左メニューの11項目を順に開く
2. 各画面が何をする場所か1文で書く
3. どこにも進めない／エラーになる画面を記録する","☐ メニュー名から中身が推測できる
☐ 各画面の目的が分かる
☐ 実行前に必要な準備が分かる
☐ エラー時に次にすることが分かる","初期／エラー","PC 1440px","管理者権限（既定）。多くの画面はモック未対応","30分","P3","11画面それぞれに「役割メモ」と「動作したか」を記録している","準備不足"
"SCREEN-015","2","コーチ","受講生一覧の情報設計を検証する","/coach/students","画面表示直後","一覧を見終えたところ","1. 列項目を書き出す
2. アラート表示の受講生を特定する
3. 検索・フィルタを一通り試す","☐ 一覧の目的が分かる
☐ 優先して見るべき行が分かる
☐ フィルタ名から対象が分かる
☐ 足りない情報を言える","通常／絞込／0件","PC 1440px","ログイン済み","15分","P3","4項目に判定を残している","確認可能"
"SCREEN-016","2","受講生","学習領域詳細の位置づけを検証する","/courses/category/1","画面表示直後","見終えたところ","1. /courses のパンくず or コーストップのパンくずから到達する
2. /courses の同じ領域セクションと見比べる
3. どちらを使うべきか判断してみる","☐ この画面と /courses の違いが分かる
☐ 到達手段が分かる
☐ カード表現が /courses と揃っている
☐ 迷子にならない","通常","PC 1440px","ログイン済み","15分","P3","2画面の比較スクリーンショットを保存し、4項目に判定を残している","確認可能"
"STATE-001","3","未ログイン／受講生","権限のない場所に入ろうとしたときの案内を検証する","ルーティング全般","未ログイン状態","一連のURLを試し終えたところ","1. localStorage を削除して未ログインにする
2. /mypage, /course/203/curriculum, /admin, /coach/students, /notes を直接開く
3. ログインし直して /admin を開く
4. MOCK_GROUPS を [] にして（環境準備）再度 /admin を開く","☐ 未ログインで弾かれたことが分かる
☐ 弾かれた後どこにいるか分かる
☐ 元々行きたかった場所に戻れるか／戻れないか把握できる
☐ 権限不足のとき理由が伝わる
☐ 存在しないURL（例 /zzz）の挙動が理解できる","未ログイン／権限なし／不明URL","PC 1440px","localStorage 操作。MOCK_GROUPS 変更は作業前後に実施","30分","P1","5パターンそれぞれの着地先とスクリーンショットを記録している","確認可能"
"STATE-002","3","受講生","ロードマップが無い状態の案内を検証する","/learning-plan","「初回設定をやり直す」直後","未作成状態を確認したところ","1. /learning-plan で「初回設定をやり直す」を押す
2. /learning-plan/setup に飛ばされたら、URLで /learning-plan に直接戻る
3. 未作成状態の案内を読む
4. マイページのロードマップ帯がどうなるか確認","☐ 何が無いのか分かる
☐ 次にすべきことが1つに決まる
☐ 所要時間の見込みが立つ
☐ マイページ側の表示も破綻していない","未作成","PC 1440px","この操作で既存の計画が消えます（リロードで再シードされます）","15分","P1","未作成表示のスクリーンショット2枚（ロードマップ・マイページ）を保存している","確認可能"
"STATE-003","3","受講生","ノートの件数による見え方の差を検証する","/notes","ノート0件","10件以上の状態を見たところ","1. localStorage の notes 相当キーを削除して0件にする
2. 0件表示を確認
3. レッスンでクリップ・保存を繰り返して10件以上作る
4. 一覧のスクロール・カードの高さのばらつきを見る","☐ 0件時に次の行動が示されている
☐ 1件だけのときレイアウトが崩れない
☐ 10件以上でも探せる
☐ カードの高さのばらつきが読みにくさになっていない
☐ 長いAI回答が省略されるか／全文出るか分かる","0件／1件／多数","PC 1440px","localStorage 操作","30分","P2","0件・1件・多数の3枚のスクリーンショットを保存している","確認可能"
"STATE-004","3","受講生","検索結果が0件のときの案内を検証する","/courses, /notes","各画面の検索欄","両方で0件を確認したところ","1. /courses で「zzzz」と検索
2. 0件表示を読む
3. /notes でも同様に0件にする
4. 2画面の0件表示を見比べる","☐ 0件だと明確に分かる
☐ 次にすべきことが示されている
☐ 検索条件を消す方法が分かる
☐ 2画面で表現が揃っている","検索0件","PC 1440px","ログイン済み","15分","P2","2画面の0件表示スクリーンショットを保存している","確認可能"
"STATE-005","3","受講生","学習の進み具合による表示差を検証する","コーストップ／一覧","/course/102/curriculum","3コース比較し終えたところ","1. 未着手寄りのコース 102、途中の 203、完了の 201 を順に開く
2. 進捗率・ボタン文言・チェック表示の差を記録
3. /courses のカードでも同じ3コースの見え方を比較","☐ 3状態が視覚的に区別できる
☐ ボタン文言（はじめる／続きから／復習する）が状態と一致
☐ 完了コースでも次にすることが分かる
☐ 一覧カードとコーストップで状態表現が揃っている
☐ 100%完了時の達成感がある","未受講／受講中／完了","PC 1440px","ログイン済み","30分","P1","3コース×2画面のスクリーンショットを保存し、5項目に判定を残している","確認可能"
"STATE-006","3","受講生","ローディング表示を検証する","主要5画面","DevTools で Slow 3G を設定","5画面のローディングを見終えたところ","1. DevTools → Network → Slow 3G
2. /mypage, /courses, /course/203/curriculum, /course/202?module=202012, /study-log を順にリロード
3. 各画面のローディング表示を観察","☐ 読み込み中だと分かる
☐ 待たされている感じが強すぎない
☐ 画面ごとにローディング表現が揃っている
☐ 読み込み完了時に内容が飛び跳ねない
☐ 部分的に出る／全体が出るの違いに納得できる","ローディング","PC 1440px","DevTools スロットリング。終了後に解除する","30分","P2","5画面のローディングのスクリーンショットを保存している","確認可能"
"STATE-007","3","受講生","エラー表示を検証する","主要画面","DevTools で Offline","エラーを4パターン見終えたところ","1. /course/9999/curriculum を開く（存在しないコース）
2. DevTools → Network → Offline にして /mypage をリロード
3. 同様に /study-log をリロード
4. /badges を開く（🧾 環境変数未設定のため必ずエラー）","☐ 何が起きたか分かる
☐ 自分のせいか、システム側かが分かる
☐ 次にすべきことが示されている
☐ 再試行の手段がある
☐ 画面ごとにエラー表現が揃っている","エラー4種","PC 1440px","DevTools Offline。終了後に解除する","30分","P2","4パターンのスクリーンショットを保存し、5項目に判定を残している","確認可能"
"STATE-008","3","受講生","長いテキストの扱いを検証する","一覧・カード全般","/courses","観点を記録し終えたところ","1. 最も長いコース名・説明文を持つカードを探す
2. 折り返し・省略（…）の有無を記録
3. コーストップ・ノート・コーチング履歴でも同様に探す","☐ 現状の最長テキストで崩れがない
☐ 省略される箇所と全文表示の箇所の使い分けが分かる
☐ 省略された内容を知る手段がある","通常（🔺 極端な長文は現状確認不可）","PC 1440px","ログイン済み","15分","P3","最長テキストのスクリーンショットを保存し、「極端な長文は確認不可」と明記している","確認可能"
"STATE-009","3","受講生","コーチングの自動取得できない場合を検証する","/coaching","list状態","手動取り込みを終えたところ","1. /coaching で会議リンクを登録せずに「参加する」を試す
2. 自動取得できない理由の表示を探す
3. 手動取り込み画面でテキストを貼り付けて送信
4. その後の流れを確認","☐ なぜ自動取得できないか分かる
☐ 代わりに何をすればよいか分かる
☐ 手動取り込みの入力方法が分かる
☐ 手動でも同じ結果が得られると分かる
☐ 嘘の「生成中」が出ていない","自動取得不可／手動取り込み","PC 1440px","ページをリロードして初期状態から","30分","P2","手動取り込みまで1回通し、5項目に判定を残している","確認可能"
"STATE-010","3","受講生","タイマーの全状態を検証する","/focus-booth","未開始","全状態を見終えたところ","1. 未開始の表示を記録
2. 通常タイマーで開始 → 計測中を記録
3. 一時停止 → 再開
4. 終了 → 終了カードを記録
5. ポモドーロで目標1分（可能な最小値）を設定して開始し、目標到達時の表示を見る
6. 開始したままタブを閉じて開き直し、放置復帰（stale）表示を確認","☐ 5状態が視覚的に区別できる
☐ 計測中に他画面へ移動しても状態が分かる（常駐タイマー）
☐ 目標到達が伝わる
☐ 放置復帰時に何を選べばよいか分かる
☐ 誤って記録を捨てる操作になっていない
☐ 終了カードの入力が任意か必須か分かる","未開始／計測中／一時停止／目標到達／放置復帰","PC 1440px","10分程度の連続作業時間","45分","P1","5状態のスクリーンショットを保存し、6項目に判定を残している","確認可能"
"STATE-011","3","受講生","操作成功・失敗のフィードバックを検証する","複数画面","/learning-plan","成功・失敗を各3回見たところ","1. ロードマップで保存操作 → トーストを確認
2. ノートでクリップ → トーストを確認
3. コーチングで目標確定 → トーストを確認
4. DevTools を Offline にして同じ操作を試し、失敗時の表示を確認","☐ 成功したと分かる
☐ 失敗したと分かる
☐ 成功と失敗が見分けられる
☐ トーストの表示位置・表示時間が適切
☐ 失敗時に再試行できる","成功／失敗","PC 1440px","DevTools Offline。終了後に解除","15分","P2","成功・失敗各1枚のスクリーンショットを保存している","確認可能"
"STATE-012","3","受講生","バッジ画面の現状を記録する","/badges","/badges","エラー表示を記録したところ","1. /badges を開く
2. 表示される内容を記録
3. マイページ・プロフィールからこの画面への導線があるか探す","☐ エラーであることが分かる
☐ 何をすればよいか分かる（分からないなら記録）
☐ この画面への導線が現行UIに存在するか判定できる","エラー（🔺 正常表示は現状確認不可）","PC 1440px","ログイン済み","15分","P3","エラー表示のスクリーンショットと導線の有無を記録している","確認可能"
"DEVICE-001","4","受講生","スマホでマイページを使えるか検証する","/mypage","DevTools iPhone SE (375×667)","最下部まで見終えたところ","1. DevTools のデバイスツールバーで 375px 幅にする
2. /mypage をリロード
3. 上から下までスクロールする
4. 横スクロールが発生するか確認
5. 文字が読めるか、ボタンが押せるサイズか確認
6. 「続きからはじめる」を実際に押す","☐ 横方向にはみ出していない
☐ 本文の文字が読めるサイズである
☐ ボタンが指で押せるサイズである
☐ 主アクションが画面内で見つかる
☐ 2カラム構成が縦積みになっている／なっていない
☐ 下部ナビと内容が重なっていない","通常","SP 375px","🧾 このページは折り返さず全体縮小する方式（§1.5-A）","30分","P0","375px の全画面スクリーンショット（縦長）を保存し、6項目に判定を残している","確認可能"
"DEVICE-002","4","受講生","スマホでレッスンを読めるか検証する","/course/202?module=202012","DevTools 375px","完了操作まで到達したところ","1. 375px で /course/202?module=202012 を開く
2. 本文を実際に読む
3. 目次ボタンを押してドロワーを開閉
4. サポートパネル（AI/メモ）を開閉
5. テキスト選択を試す
6. 完了操作まで到達する","☐ 本文が読める幅・文字サイズになっている
☐ 目次ドロワーが本文を邪魔しない
☐ サポートパネルを開いても操作不能にならない
☐ テキスト選択とツールバーがスマホで成立する
☐ 完了ボタンに到達できる
☐ 上部バーの情報が省略されすぎていない","通常","SP 375px","🧾 この画面は1024px境界の別方式（§1.5-B）","30分","P0","本文・目次・サポート各1枚のスクリーンショットを保存し、6項目に判定を残している","確認可能"
"DEVICE-003","4","受講生","スマホで自習室3面を使えるか検証する","/focus-booth, /study-log, /notes","DevTools 375px","3面すべて見終えたところ","1. 375px で /focus-booth を開き、タイマーを開始できるか試す
2. /study-log でグラフが読めるか確認
3. /notes で検索・絞り込みが操作できるか確認
4. 3面のタブ切替がスマホで押せるか確認","☐ 3面とも横にはみ出していない
☐ タイマーの数字とボタンが実用サイズ
☐ グラフが判読できる
☐ 絞り込みのセレクトが操作できる
☐ 自習室タブが押せる
☐ 下部ナビからこの3面に来られるか（🧾 下部ナビに自習室は無い）","通常","SP 375px","🧾 3面とも全体縮小方式（§1.5-A）","30分","P1","3面のスクリーンショットを保存し、6項目に判定を残している","確認可能"
"DEVICE-004","4","受講生","タブレットでの見え方を検証する","主要4画面","DevTools iPad (768×1024)","4画面見終えたところ","1. 768px 幅で /mypage, /courses, /course/203/curriculum, /course/202?module=202012 を開く
2. サイドバーが出るか下部ナビかを確認
3. 各画面の余白・縮小率を観察
4. サイドバーを折りたたんで再確認","☐ 768px でサイドバーが出る
☐ サイドバー展開時に内容が窮屈になっていない
☐ 縮小された文字が読める
☐ 主アクションが見つかる
☐ PC・SPどちらの体験に近いか判断できる","通常","タブレット 768px","ログイン済み","30分","P1","4画面×（サイドバー展開／折りたたみ）のうち代表4枚を保存している","確認可能"
"DEVICE-005","4","受講生","PCの画面幅による差を検証する","主要3画面","ブラウザ幅 1280px","3幅すべて見終えたところ","1. 1280px / 1440px / 1920px で /mypage, /courses, /study-log を見る
2. 1280px で縮小が始まるか確認
3. 1920px で余白の出方を確認
4. サイドバー展開／折りたたみ両方で見る","☐ 1280px で文字が小さくなりすぎない
☐ 1920px で内容が中央に収まり、間延びしていない
☐ サイドバー開閉で内容が破綻しない
☐ 3幅で情報の優先順位が変わらない","通常","PC 1280 / 1440 / 1920","ログイン済み","30分","P2","3幅×1画面の代表スクリーンショットを保存している","確認可能"
"DEVICE-006","4","受講生","スマホから全機能に到達できるか検証する","ナビゲーション全般","DevTools 375px の /mypage","6機能への到達可否を判定したところ","1. 375px でログインし /mypage を開く
2. URLを直接打たずに、下部ナビと画面内リンクだけで次の6つに到達を試みる: 学習コンテンツ／自習室(集中ブース)／コーチング／学習ロードマップ／AIコーチ／ノート
3. 到達できたものとできなかったものを記録
4. 到達手段（何を押したか）を記録","☐ 6機能それぞれ到達できたか判定できる
☐ 到達できた場合、その導線が見つけやすかったか判断できる
☐ 到達できなかった機能を特定できる
☐ PCとSPで使える機能が違うことに気づけるか","通常","SP 375px","🧾 SP下部ナビは3〜4項目のみ（§1.5-C）","15分","P0","6機能の到達可否と手段を一覧で記録している","確認可能"
"CONSISTENCY-001","5","受講生","ボタンの一貫性を検証する","主要8画面","/mypage","8画面を巡り終えたところ","1. /mypage, /courses, /course/:id/curriculum, /course/:id, /study-log, /learning-plan, /coaching, /ai-coach を順に開く（🧾 /focus-booth は廃止され /study-log へリダイレクトする）
2. 各画面の「最も強いボタン」を1つずつスクリーンショットに収める
3. 主ボタン・副ボタン・リンクの3階層が同じルールか比べる","☐ 主ボタンの色・形・サイズが揃っている
☐ 副ボタンとの差が全画面で同じ
☐ ボタンとリンクの区別が全画面で同じ
☐ 無効状態の見え方が揃っている
☐ 同じ意味の操作に同じ文言を使っている","通常","PC 1440px","ログイン済み","30分","P2","8画面のボタン部分のスクリーンショットを1枚にまとめ、5項目に判定を残している","確認可能"
"CONSISTENCY-002","5","受講生","現在地の示し方の一貫性を検証する","ナビ・見出し・パンくず","/mypage","主要画面を巡り終えたところ","1. 各画面でサイドバーのどの項目が点灯するか記録
2. パンくずがある画面／ない画面を記録
3. ページ見出しとナビ項目名が一致するか確認
4. 学習ワークスペースとAIコーチではサイドバーの点灯がどうなるか確認","☐ どの画面でもサイドバーのどこかが点灯している
☐ 点灯項目と画面内容が一致している
☐ パンくずの有無に納得できる
☐ ページ見出しとナビ名が一致している
☐ 深い階層（レッスン）でも現在地が分かる","通常","PC 1440px","ログイン済み","30分","P2","画面ごとの点灯項目一覧を作り、5項目に判定を残している","確認可能"
"CONSISTENCY-003","5","受講生","カードと空状態の一貫性を検証する","一覧系全画面","/courses","5画面を比べ終えたところ","1. /courses, /notes, /coaching, /study-log, /badges のカード表現を比べる（🧾 /courses/category/1 は /courses へリダイレクトするので対象外）
2. 各画面の空状態を作って比べる（作れないものは記録）
3. カードの角丸・影・余白・境界線を比べる","☐ カードの見た目が全画面で揃っている
☐ カード内の情報の並び順に共通ルールがある
☐ 空状態のイラスト／文言／次の行動の3点が揃っている
☐ 空状態を作れなかった画面を特定できている","通常／空","PC 1440px","ログイン済み","30分","P2","5画面のカード比較と空状態の記録を残している","確認可能"
"CONSISTENCY-004","5","受講生","用語と文言の一貫性を検証する","全画面","/courses","用語表を埋め終えたところ","1. 次の用語が各画面でどう呼ばれているか書き出す: コース／単元／レッスン／教材／学習コンテンツ／学習する／自習室／集中ブース／ロードマップ／学習計画
2. サイドバー名とページ見出し名を突き合わせる
3. ボタン文言（はじめる／続きから／続きからはじめる／復習する）の使い分けを書き出す","☐ 同じものが同じ名前で呼ばれている
☐ 階層用語（コース＞単元＞レッスン＞教材）が一貫している
☐ サイドバー名とページ見出しが一致している（🧾 SP下部ナビは「学習する」、サイドバーは「学習コンテンツ」）
☐ ボタン文言の使い分けにルールがある
☐ 敬体・常体が混ざっていない","通常","PC 1440px","ログイン済み","30分","P1","用語対応表（用語×画面）を作成し、5項目に判定を残している","確認可能"
"CONSISTENCY-005","5","受講生","モーダル・トースト・ローディングの一貫性を検証する","全画面","/coaching","5種類を比べ終えたところ","1. モーダルを3つ開く（コーチング同意／会議リンク登録／学習セッションの終了カード）
　🧾 現存するモーダルはこの3つ＋AI要約ダイアログ＋AIコーチのドロワーだけ。旧「教材選択」「環境設定」は廃止済み
2. 閉じ方（×／背景クリック／Esc）が同じか試す
3. トーストの位置・色・表示時間を比べる
4. ローディングのスピナー表現を比べる","☐ モーダルの閉じ方が全画面で同じ
☐ モーダルの見出し・ボタン配置が揃っている
☐ トーストの位置・色・時間が揃っている
☐ ローディング表現が揃っている
☐ モーダルを開いた時に背景が操作できない","通常","PC 1440px","ログイン済み","30分","P2","3モーダル＋トースト＋ローディングのスクリーンショットを保存している","確認可能"
"CONSISTENCY-006","5","受講生","色・余白・アイコンの一貫性を検証する","全画面","/mypage","主要6画面を比べ終えたところ","1. 6画面を並べて、背景色・カード色・文字色を比べる
2. 赤（ブランド色）が使われている箇所を全部書き出す
3. アイコンの線の太さ・サイズが揃っているか見る
4. セクション間の余白が揃っているか見る","☐ 背景・カード・文字の色が揃っている
☐ ブランド色が「重要な1つ」に絞られている
☐ 成功・警告・エラーの色が一貫している
☐ アイコンの様式が揃っている
☐ セクション間の余白が揃っている","通常","PC 1440px","ログイン済み","30分","P3","6画面のスクリーンショットを並べた比較画像を保存している","確認可能"
"CONSISTENCY-007","5","受講生","アカウント・ログアウト導線を検証する","ヘッダー／アカウント設定","/mypage","導線の有無を判定したところ","1. PC 1440px で、ログアウトする方法をURLを打たずに探す（3分以内）
2. サイドバー下部のアカウント行を押して着いた先を確認
3. /account-settings 内にログアウトがあるか確認
4. SP 375px でも同じことを試す
5. 見つからない場合は「見つからなかった」と記録する","☐ ログアウトの入口を3分以内に見つけられたか
☐ アカウント行を押した先が予想と一致したか
☐ アカウント設定とプロフィール編集の役割分担が分かる
☐ SPでもアカウント設定に到達できる","通常","PC 1440px ＋ SP 375px","🧾 現行画面にログアウトUIは存在しない（§1.5-D）","15分","P1","探索にかかった時間と結果（見つかった／見つからない）を記録している","確認可能"
