id,name,parent,idnumber,description,descriptionformat,imageUrl,updateFlag,deleteFlag
,学習ガイド,0,area-11,はじめの使い方と、学ぶ前に知っておきたい心得,1,,0,0
,Webデザイン,0,area-21,デザインの基礎概念からツール、実践課題まで,1,,0,0
,Web制作,0,area-22,ノーコードからコーディングまで、作って公開する,1,,0,0
,動画編集,0,area-23,編集ツールの操作と、納品できる動画の作り方,1,,0,0
,Webマーケティング,0,area-31,解析・SEO・広告運用で数字を動かす,1,,0,0
,SNS運用,0,area-32,各SNSの運用と、伸びる企画の作り方,1,,0,0
,生成AI基礎,0,area-51,AIの市場感・著作権など前提の理解,1,,0,0
,Web×AI,0,area-52,実務のそれぞれの工程にAIを組み込む,1,,0,0
,案件獲得・キャリア,0,area-12,最初の1件から継続案件まで。リサーチ・自己分析から選考対策も,1,,0,0
